Family Class Desc,Family Class
Truck Winch Accessories,T22
ATV Winch 1700 - 2000,A01
ATV Winch 2500 - 3000,A02
ATV Winch Accessories,A03
Kia Hubs,O11
Nissan Hubs,O12
Tier 1 Hubs,O14
OEM Service Hubs,O15
Series Electric Winch,S01
Series Hydraulic Winch,S02
Series Electric Hoist,S03
Front Hub Conversions,T01
Floating Axle Systems,T02
4X Flares,T04
Thinline Flares,T05
Trail Flares,T06
External Mount Hubs,T07
Flange Mount Hubs,T08
Internal Mount Hubs,T09
SDB Lights,T10
4X Truck Lights,T11
Combo,T12
Classic,T13
Enforcer,T14
Rio Grande Systems,T15
Jeep Bumpers / Armor,T16
Multi-Mount Frame,T17
Mounting Plate Kit,T18
Trans4mer Systems,T19
Truck Large Frame Winch 12 K +,T20
Truck Mid Frame Winch 6 K +,T21
Utility /Trailer Winch,T23
Works Electric Winch,W01
