Fiscal,FiscalRank
Fiscal Year 2021-2022,1
Fiscal Year 2021-2022,2
Fiscal Year 2021-2022,3
Fiscal Year 2021-2022,4
Fiscal Year 2021-2022,5
Fiscal Year 2021-2022,6
Fiscal Year 2021-2022,7
Fiscal Year 2021-2022,8
Fiscal Year 2021-2022,9
Fiscal Year 2021-2022,10
Fiscal Year 2021-2022,11
Fiscal Year 2021-2022,12
Fiscal Year 2021-2022,13
Fiscal Year 2021-2022,14
Fiscal Year 2021-2022,15
Fiscal Year 2021-2022,16
Fiscal Year 2021-2022,17
Fiscal Year 2021-2022,18
Fiscal Year 2021-2022,19
Fiscal Year 2021-2022,20
Fiscal Year 2021-2022,21
Fiscal Year 2021-2022,22
Fiscal Year 2021-2022,23
Fiscal Year 2021-2022,24
Fiscal Year 2021-2022,25
Fiscal Year 2021-2022,26
Fiscal Year 2021-2022,27
Fiscal Year 2021-2022,28
Fiscal Year 2021-2022,29
Fiscal Year 2021-2022,30
Fiscal Year 2021-2022,31
Fiscal Year 2021-2022,32
Fiscal Year 2021-2022,33
Fiscal Year 2021-2022,34
Fiscal Year 2021-2022,35
Fiscal Year 2021-2022,36
Fiscal Year 2021-2022,37
Fiscal Year 2021-2022,38
Fiscal Year 2021-2022,39
Fiscal Year 2021-2022,40
Fiscal Year 2021-2022,41
Fiscal Year 2021-2022,42
Fiscal Year 2021-2022,43
Fiscal Year 2021-2022,44
Fiscal Year 2021-2022,45
Fiscal Year 2021-2022,46
Fiscal Year 2021-2022,47
Fiscal Year 2021-2022,48
Fiscal Year 2021-2022,49
Fiscal Year 2021-2022,50
Fiscal Year 2021-2022,51
Fiscal Year 2021-2022,52
Fiscal Year 2021-2022,53
Fiscal Year 2021-2022,54
Fiscal Year 2021-2022,55
Fiscal Year 2021-2022,56
Fiscal Year 2021-2022,57
Fiscal Year 2021-2022,58
Fiscal Year 2021-2022,59
Fiscal Year 2021-2022,60
Fiscal Year 2021-2022,61
Fiscal Year 2021-2022,62
Fiscal Year 2021-2022,63
Fiscal Year 2021-2022,64
Fiscal Year 2021-2022,65
Fiscal Year 2021-2022,66
Fiscal Year 2021-2022,67
Fiscal Year 2021-2022,68
Fiscal Year 2021-2022,69
Fiscal Year 2021-2022,70
Fiscal Year 2021-2022,71
Fiscal Year 2021-2022,72
Fiscal Year 2021-2022,73
Fiscal Year 2021-2022,74
Fiscal Year 2021-2022,75
Fiscal Year 2021-2022,76
Fiscal Year 2021-2022,77
Fiscal Year 2021-2022,78
Fiscal Year 2021-2022,79
Fiscal Year 2021-2022,80
Fiscal Year 2021-2022,81
Fiscal Year 2021-2022,82
Fiscal Year 2021-2022,83
Fiscal Year 2021-2022,84
Fiscal Year 2021-2022,85
Fiscal Year 2021-2022,86
Fiscal Year 2021-2022,87
Fiscal Year 2021-2022,88
Fiscal Year 2021-2022,89
Fiscal Year 2021-2022,90
Fiscal Year 2021-2022,91
Fiscal Year 2021-2022,92
Fiscal Year 2021-2022,93
Fiscal Year 2021-2022,94
Fiscal Year 2021-2022,95
Fiscal Year 2021-2022,96
Fiscal Year 2021-2022,97
Fiscal Year 2021-2022,98
Fiscal Year 2021-2022,99
Fiscal Year 2021-2022,100
Fiscal Year 2021-2022,101
Fiscal Year 2021-2022,102
Fiscal Year 2021-2022,103
Fiscal Year 2021-2022,104
Fiscal Year 2021-2022,105
Fiscal Year 2021-2022,106
Fiscal Year 2021-2022,107
Fiscal Year 2021-2022,108
Fiscal Year 2021-2022,109
Fiscal Year 2021-2022,110
Fiscal Year 2021-2022,111
Fiscal Year 2021-2022,112
Fiscal Year 2021-2022,113
Fiscal Year 2021-2022,114
Fiscal Year 2021-2022,115
Fiscal Year 2021-2022,116
Fiscal Year 2021-2022,117
Fiscal Year 2021-2022,118
Fiscal Year 2021-2022,119
Fiscal Year 2021-2022,120
Fiscal Year 2021-2022,121
Fiscal Year 2021-2022,122
Fiscal Year 2021-2022,123
Fiscal Year 2021-2022,124
Fiscal Year 2021-2022,125
Fiscal Year 2021-2022,126
Fiscal Year 2021-2022,127
Fiscal Year 2021-2022,128
Fiscal Year 2021-2022,129
Fiscal Year 2020-2021,130
Fiscal Year 2020-2021,131
Fiscal Year 2020-2021,132
Fiscal Year 2020-2021,133
Fiscal Year 2020-2021,134
Fiscal Year 2020-2021,135
Fiscal Year 2020-2021,136
Fiscal Year 2020-2021,137
Fiscal Year 2020-2021,138
Fiscal Year 2020-2021,139
Fiscal Year 2020-2021,140
Fiscal Year 2020-2021,141
Fiscal Year 2020-2021,142
Fiscal Year 2020-2021,143
Fiscal Year 2020-2021,144
Fiscal Year 2020-2021,145
Fiscal Year 2020-2021,146
Fiscal Year 2020-2021,147
Fiscal Year 2020-2021,148
Fiscal Year 2020-2021,149
Fiscal Year 2020-2021,150
Fiscal Year 2020-2021,151
Fiscal Year 2020-2021,152
Fiscal Year 2020-2021,153
Fiscal Year 2020-2021,154
Fiscal Year 2020-2021,155
Fiscal Year 2020-2021,156
Fiscal Year 2020-2021,157
Fiscal Year 2020-2021,158
Fiscal Year 2020-2021,159
Fiscal Year 2020-2021,160
Fiscal Year 2020-2021,161
Fiscal Year 2020-2021,162
Fiscal Year 2020-2021,163
Fiscal Year 2020-2021,164
Fiscal Year 2020-2021,165
Fiscal Year 2020-2021,166
Fiscal Year 2020-2021,167
Fiscal Year 2020-2021,168
Fiscal Year 2020-2021,169
Fiscal Year 2020-2021,170
Fiscal Year 2020-2021,171
Fiscal Year 2020-2021,172
Fiscal Year 2020-2021,173
Fiscal Year 2020-2021,174
Fiscal Year 2020-2021,175
Fiscal Year 2020-2021,176
Fiscal Year 2020-2021,177
Fiscal Year 2020-2021,178
Fiscal Year 2020-2021,179
Fiscal Year 2020-2021,180
Fiscal Year 2020-2021,181
Fiscal Year 2020-2021,182
Fiscal Year 2020-2021,183
Fiscal Year 2020-2021,184
Fiscal Year 2020-2021,185
Fiscal Year 2020-2021,186
Fiscal Year 2020-2021,187
Fiscal Year 2020-2021,188
Fiscal Year 2020-2021,189
Fiscal Year 2020-2021,190
Fiscal Year 2020-2021,191
Fiscal Year 2020-2021,192
Fiscal Year 2020-2021,193
Fiscal Year 2020-2021,194
Fiscal Year 2020-2021,195
Fiscal Year 2020-2021,196
Fiscal Year 2020-2021,197
Fiscal Year 2020-2021,198
Fiscal Year 2020-2021,199
Fiscal Year 2020-2021,200
Fiscal Year 2020-2021,201
Fiscal Year 2020-2021,202
Fiscal Year 2020-2021,203
Fiscal Year 2020-2021,204
Fiscal Year 2020-2021,205
Fiscal Year 2020-2021,206
Fiscal Year 2020-2021,207
Fiscal Year 2020-2021,208
Fiscal Year 2020-2021,209
Fiscal Year 2020-2021,210
Fiscal Year 2020-2021,211
Fiscal Year 2020-2021,212
Fiscal Year 2020-2021,213
Fiscal Year 2020-2021,214
Fiscal Year 2020-2021,215
Fiscal Year 2020-2021,216
Fiscal Year 2020-2021,217
Fiscal Year 2020-2021,218
Fiscal Year 2020-2021,219
Fiscal Year 2020-2021,220
Fiscal Year 2020-2021,221
Fiscal Year 2020-2021,222
Fiscal Year 2020-2021,223
Fiscal Year 2020-2021,224
Fiscal Year 2020-2021,225
Fiscal Year 2020-2021,226
Fiscal Year 2020-2021,227
Fiscal Year 2020-2021,228
Fiscal Year 2020-2021,229
Fiscal Year 2020-2021,230
Fiscal Year 2020-2021,231
Fiscal Year 2020-2021,232
Fiscal Year 2020-2021,233
Fiscal Year 2020-2021,234
Fiscal Year 2020-2021,235
Fiscal Year 2020-2021,236
Fiscal Year 2020-2021,237
Fiscal Year 2020-2021,238
Fiscal Year 2020-2021,239
Fiscal Year 2020-2021,240
Fiscal Year 2020-2021,241
Fiscal Year 2020-2021,242
Fiscal Year 2020-2021,243
Fiscal Year 2020-2021,244
Fiscal Year 2020-2021,245
Fiscal Year 2020-2021,246
Fiscal Year 2020-2021,247
Fiscal Year 2020-2021,248
Fiscal Year 2020-2021,249
Fiscal Year 2020-2021,250
Fiscal Year 2020-2021,251
Fiscal Year 2020-2021,252
Fiscal Year 2020-2021,253
Fiscal Year 2020-2021,254
Fiscal Year 2020-2021,255
Fiscal Year 2020-2021,256
Fiscal Year 2020-2021,257
Fiscal Year 2020-2021,258
Fiscal Year 2020-2021,259
Fiscal Year 2020-2021,260
Fiscal Year 2020-2021,261
Fiscal Year 2020-2021,262
Fiscal Year 2020-2021,263
Fiscal Year 2020-2021,264
Fiscal Year 2020-2021,265
Fiscal Year 2020-2021,266
Fiscal Year 2020-2021,267
Fiscal Year 2020-2021,268
Fiscal Year 2020-2021,269
Fiscal Year 2020-2021,270
Fiscal Year 2020-2021,271
Fiscal Year 2020-2021,272
Fiscal Year 2020-2021,273
Fiscal Year 2020-2021,274
Fiscal Year 2020-2021,275
Fiscal Year 2020-2021,276
Fiscal Year 2020-2021,277
Fiscal Year 2020-2021,278
Fiscal Year 2020-2021,279
Fiscal Year 2020-2021,280
Fiscal Year 2020-2021,281
Fiscal Year 2020-2021,282
Fiscal Year 2020-2021,283
Fiscal Year 2020-2021,284
Fiscal Year 2020-2021,285
Fiscal Year 2020-2021,286
Fiscal Year 2020-2021,287
Fiscal Year 2020-2021,288
Fiscal Year 2020-2021,289
Fiscal Year 2020-2021,290
Fiscal Year 2020-2021,291
Fiscal Year 2020-2021,292
Fiscal Year 2020-2021,293
Fiscal Year 2020-2021,294
Fiscal Year 2020-2021,295
Fiscal Year 2020-2021,296
Fiscal Year 2020-2021,297
Fiscal Year 2020-2021,298
Fiscal Year 2020-2021,299
Fiscal Year 2020-2021,300
Fiscal Year 2020-2021,301
Fiscal Year 2020-2021,302
Fiscal Year 2020-2021,303
Fiscal Year 2020-2021,304
Fiscal Year 2020-2021,305
Fiscal Year 2020-2021,306
Fiscal Year 2020-2021,307
Fiscal Year 2020-2021,308
Fiscal Year 2020-2021,309
Fiscal Year 2020-2021,310
Fiscal Year 2020-2021,311
Fiscal Year 2020-2021,312
Fiscal Year 2020-2021,313
Fiscal Year 2020-2021,314
Fiscal Year 2020-2021,315
Fiscal Year 2020-2021,316
Fiscal Year 2020-2021,317
Fiscal Year 2020-2021,318
Fiscal Year 2020-2021,319
Fiscal Year 2020-2021,320
Fiscal Year 2020-2021,321
Fiscal Year 2020-2021,322
Fiscal Year 2020-2021,323
Fiscal Year 2020-2021,324
Fiscal Year 2020-2021,325
Fiscal Year 2020-2021,326
Fiscal Year 2020-2021,327
Fiscal Year 2020-2021,328
Fiscal Year 2020-2021,329
Fiscal Year 2020-2021,330
Fiscal Year 2020-2021,331
Fiscal Year 2020-2021,332
Fiscal Year 2020-2021,333
Fiscal Year 2020-2021,334
Fiscal Year 2020-2021,335
Fiscal Year 2020-2021,336
Fiscal Year 2020-2021,337
Fiscal Year 2020-2021,338
Fiscal Year 2020-2021,339
Fiscal Year 2020-2021,340
Fiscal Year 2020-2021,341
Fiscal Year 2020-2021,342
Fiscal Year 2020-2021,343
Fiscal Year 2020-2021,344
Fiscal Year 2020-2021,345
Fiscal Year 2020-2021,346
Fiscal Year 2020-2021,347
Fiscal Year 2020-2021,348
Fiscal Year 2020-2021,349
Fiscal Year 2020-2021,350
Fiscal Year 2020-2021,351
Fiscal Year 2020-2021,352
Fiscal Year 2020-2021,353
Fiscal Year 2020-2021,354
Fiscal Year 2020-2021,355
Fiscal Year 2020-2021,356
Fiscal Year 2020-2021,357
Fiscal Year 2020-2021,358
Fiscal Year 2020-2021,359
Fiscal Year 2020-2021,360
Fiscal Year 2020-2021,361
Fiscal Year 2020-2021,362
Fiscal Year 2020-2021,363
Fiscal Year 2020-2021,364
Fiscal Year 2020-2021,365
Fiscal Year 2020-2021,366
Fiscal Year 2020-2021,367
Fiscal Year 2020-2021,368
Fiscal Year 2020-2021,369
Fiscal Year 2020-2021,370
Fiscal Year 2020-2021,371
Fiscal Year 2020-2021,372
Fiscal Year 2020-2021,373
Fiscal Year 2020-2021,374
Fiscal Year 2020-2021,375
Fiscal Year 2020-2021,376
Fiscal Year 2020-2021,377
Fiscal Year 2020-2021,378
Fiscal Year 2020-2021,379
Fiscal Year 2020-2021,380
Fiscal Year 2020-2021,381
Fiscal Year 2020-2021,382
Fiscal Year 2020-2021,383
Fiscal Year 2020-2021,384
Fiscal Year 2020-2021,385
Fiscal Year 2020-2021,386
Fiscal Year 2020-2021,387
Fiscal Year 2020-2021,388
Fiscal Year 2020-2021,389
Fiscal Year 2020-2021,390
Fiscal Year 2020-2021,391
Fiscal Year 2020-2021,392
Fiscal Year 2020-2021,393
Fiscal Year 2020-2021,394
Fiscal Year 2020-2021,395
Fiscal Year 2020-2021,396
Fiscal Year 2020-2021,397
Fiscal Year 2020-2021,398
Fiscal Year 2020-2021,399
Fiscal Year 2020-2021,400
Fiscal Year 2020-2021,401
Fiscal Year 2020-2021,402
Fiscal Year 2020-2021,403
Fiscal Year 2020-2021,404
Fiscal Year 2020-2021,405
Fiscal Year 2020-2021,406
Fiscal Year 2020-2021,407
Fiscal Year 2020-2021,408
Fiscal Year 2020-2021,409
Fiscal Year 2020-2021,410
Fiscal Year 2020-2021,411
Fiscal Year 2020-2021,412
Fiscal Year 2020-2021,413
Fiscal Year 2020-2021,414
Fiscal Year 2020-2021,415
Fiscal Year 2020-2021,416
Fiscal Year 2020-2021,417
Fiscal Year 2020-2021,418
Fiscal Year 2020-2021,419
Fiscal Year 2020-2021,420
Fiscal Year 2020-2021,421
Fiscal Year 2020-2021,422
Fiscal Year 2020-2021,423
Fiscal Year 2020-2021,424
Fiscal Year 2020-2021,425
Fiscal Year 2020-2021,426
Fiscal Year 2020-2021,427
Fiscal Year 2020-2021,428
Fiscal Year 2020-2021,429
Fiscal Year 2020-2021,430
Fiscal Year 2020-2021,431
Fiscal Year 2020-2021,432
Fiscal Year 2020-2021,433
Fiscal Year 2020-2021,434
Fiscal Year 2020-2021,435
Fiscal Year 2020-2021,436
Fiscal Year 2020-2021,437
Fiscal Year 2020-2021,438
Fiscal Year 2020-2021,439
Fiscal Year 2020-2021,440
Fiscal Year 2020-2021,441
Fiscal Year 2020-2021,442
Fiscal Year 2020-2021,443
Fiscal Year 2020-2021,444
Fiscal Year 2020-2021,445
Fiscal Year 2020-2021,446
Fiscal Year 2020-2021,447
Fiscal Year 2020-2021,448
Fiscal Year 2020-2021,449
Fiscal Year 2020-2021,450
Fiscal Year 2020-2021,451
Fiscal Year 2020-2021,452
Fiscal Year 2020-2021,453
Fiscal Year 2020-2021,454
Fiscal Year 2020-2021,455
Fiscal Year 2020-2021,456
Fiscal Year 2020-2021,457
Fiscal Year 2020-2021,458
Fiscal Year 2020-2021,459
Fiscal Year 2020-2021,460
Fiscal Year 2020-2021,461
Fiscal Year 2020-2021,462
Fiscal Year 2020-2021,463
Fiscal Year 2020-2021,464
Fiscal Year 2020-2021,465
Fiscal Year 2020-2021,466
Fiscal Year 2020-2021,467
Fiscal Year 2020-2021,468
Fiscal Year 2020-2021,469
Fiscal Year 2020-2021,470
Fiscal Year 2020-2021,471
Fiscal Year 2020-2021,472
Fiscal Year 2020-2021,473
Fiscal Year 2020-2021,474
Fiscal Year 2020-2021,475
Fiscal Year 2020-2021,476
Fiscal Year 2020-2021,477
Fiscal Year 2020-2021,478
Fiscal Year 2020-2021,479
Fiscal Year 2020-2021,480
Fiscal Year 2020-2021,481
Fiscal Year 2020-2021,482
Fiscal Year 2020-2021,483
Fiscal Year 2020-2021,484
Fiscal Year 2020-2021,485
Fiscal Year 2020-2021,486
Fiscal Year 2020-2021,487
Fiscal Year 2020-2021,488
Fiscal Year 2020-2021,489
Fiscal Year 2020-2021,490
Fiscal Year 2020-2021,491
Fiscal Year 2020-2021,492
Fiscal Year 2020-2021,493
Fiscal Year 2020-2021,494
Fiscal Year 2019-2020,495
Fiscal Year 2019-2020,496
Fiscal Year 2019-2020,497
Fiscal Year 2019-2020,498
Fiscal Year 2019-2020,499
Fiscal Year 2019-2020,500
Fiscal Year 2019-2020,501
Fiscal Year 2019-2020,502
Fiscal Year 2019-2020,503
Fiscal Year 2019-2020,504
Fiscal Year 2019-2020,505
Fiscal Year 2019-2020,506
Fiscal Year 2019-2020,507
Fiscal Year 2019-2020,508
Fiscal Year 2019-2020,509
Fiscal Year 2019-2020,510
Fiscal Year 2019-2020,511
Fiscal Year 2019-2020,512
Fiscal Year 2019-2020,513
Fiscal Year 2019-2020,514
Fiscal Year 2019-2020,515
Fiscal Year 2019-2020,516
Fiscal Year 2019-2020,517
Fiscal Year 2019-2020,518
Fiscal Year 2019-2020,519
Fiscal Year 2019-2020,520
Fiscal Year 2019-2020,521
Fiscal Year 2019-2020,522
Fiscal Year 2019-2020,523
Fiscal Year 2019-2020,524
Fiscal Year 2019-2020,525
Fiscal Year 2019-2020,526
Fiscal Year 2019-2020,527
Fiscal Year 2019-2020,528
Fiscal Year 2019-2020,529
Fiscal Year 2019-2020,530
Fiscal Year 2019-2020,531
Fiscal Year 2019-2020,532
Fiscal Year 2019-2020,533
Fiscal Year 2019-2020,534
Fiscal Year 2019-2020,535
Fiscal Year 2019-2020,536
Fiscal Year 2019-2020,537
Fiscal Year 2019-2020,538
Fiscal Year 2019-2020,539
Fiscal Year 2019-2020,540
Fiscal Year 2019-2020,541
Fiscal Year 2019-2020,542
Fiscal Year 2019-2020,543
Fiscal Year 2019-2020,544
Fiscal Year 2019-2020,545
Fiscal Year 2019-2020,546
Fiscal Year 2019-2020,547
Fiscal Year 2019-2020,548
Fiscal Year 2019-2020,549
Fiscal Year 2019-2020,550
Fiscal Year 2019-2020,551
Fiscal Year 2019-2020,552
Fiscal Year 2019-2020,553
Fiscal Year 2019-2020,554
Fiscal Year 2019-2020,555
Fiscal Year 2019-2020,556
Fiscal Year 2019-2020,557
Fiscal Year 2019-2020,558
Fiscal Year 2019-2020,559
Fiscal Year 2019-2020,560
Fiscal Year 2019-2020,561
Fiscal Year 2019-2020,562
Fiscal Year 2019-2020,563
Fiscal Year 2019-2020,564
Fiscal Year 2019-2020,565
Fiscal Year 2019-2020,566
Fiscal Year 2019-2020,567
Fiscal Year 2019-2020,568
Fiscal Year 2019-2020,569
Fiscal Year 2019-2020,570
Fiscal Year 2019-2020,571
Fiscal Year 2019-2020,572
Fiscal Year 2019-2020,573
Fiscal Year 2019-2020,574
Fiscal Year 2019-2020,575
Fiscal Year 2019-2020,576
Fiscal Year 2019-2020,577
Fiscal Year 2019-2020,578
Fiscal Year 2019-2020,579
Fiscal Year 2019-2020,580
Fiscal Year 2019-2020,581
Fiscal Year 2019-2020,582
Fiscal Year 2019-2020,583
Fiscal Year 2019-2020,584
Fiscal Year 2019-2020,585
Fiscal Year 2019-2020,586
Fiscal Year 2019-2020,587
Fiscal Year 2019-2020,588
Fiscal Year 2019-2020,589
Fiscal Year 2019-2020,590
Fiscal Year 2019-2020,591
Fiscal Year 2019-2020,592
Fiscal Year 2019-2020,593
Fiscal Year 2019-2020,594
Fiscal Year 2019-2020,595
Fiscal Year 2019-2020,596
Fiscal Year 2019-2020,597
Fiscal Year 2019-2020,598
Fiscal Year 2019-2020,599
Fiscal Year 2019-2020,600
Fiscal Year 2019-2020,601
Fiscal Year 2019-2020,602
Fiscal Year 2019-2020,603
Fiscal Year 2019-2020,604
Fiscal Year 2019-2020,605
Fiscal Year 2019-2020,606
Fiscal Year 2019-2020,607
Fiscal Year 2019-2020,608
Fiscal Year 2019-2020,609
Fiscal Year 2019-2020,610
Fiscal Year 2019-2020,611
Fiscal Year 2019-2020,612
Fiscal Year 2019-2020,613
Fiscal Year 2019-2020,614
Fiscal Year 2019-2020,615
Fiscal Year 2019-2020,616
Fiscal Year 2019-2020,617
Fiscal Year 2019-2020,618
Fiscal Year 2019-2020,619
Fiscal Year 2019-2020,620
Fiscal Year 2019-2020,621
Fiscal Year 2019-2020,622
Fiscal Year 2019-2020,623
Fiscal Year 2019-2020,624
Fiscal Year 2019-2020,625
Fiscal Year 2019-2020,626
Fiscal Year 2019-2020,627
Fiscal Year 2019-2020,628
Fiscal Year 2019-2020,629
Fiscal Year 2019-2020,630
Fiscal Year 2019-2020,631
Fiscal Year 2019-2020,632
Fiscal Year 2019-2020,633
Fiscal Year 2019-2020,634
Fiscal Year 2019-2020,635
Fiscal Year 2019-2020,636
Fiscal Year 2019-2020,637
Fiscal Year 2019-2020,638
Fiscal Year 2019-2020,639
Fiscal Year 2019-2020,640
Fiscal Year 2019-2020,641
Fiscal Year 2019-2020,642
Fiscal Year 2019-2020,643
Fiscal Year 2019-2020,644
Fiscal Year 2019-2020,645
Fiscal Year 2019-2020,646
Fiscal Year 2019-2020,647
Fiscal Year 2019-2020,648
Fiscal Year 2019-2020,649
Fiscal Year 2019-2020,650
Fiscal Year 2019-2020,651
Fiscal Year 2019-2020,652
Fiscal Year 2019-2020,653
Fiscal Year 2019-2020,654
Fiscal Year 2019-2020,655
Fiscal Year 2019-2020,656
Fiscal Year 2019-2020,657
Fiscal Year 2019-2020,658
Fiscal Year 2019-2020,659
Fiscal Year 2019-2020,660
Fiscal Year 2019-2020,661
Fiscal Year 2019-2020,662
Fiscal Year 2019-2020,663
Fiscal Year 2019-2020,664
Fiscal Year 2019-2020,665
Fiscal Year 2019-2020,666
Fiscal Year 2019-2020,667
Fiscal Year 2019-2020,668
Fiscal Year 2019-2020,669
Fiscal Year 2019-2020,670
Fiscal Year 2019-2020,671
Fiscal Year 2019-2020,672
Fiscal Year 2019-2020,673
Fiscal Year 2019-2020,674
Fiscal Year 2019-2020,675
Fiscal Year 2019-2020,676
Fiscal Year 2019-2020,677
Fiscal Year 2019-2020,678
Fiscal Year 2019-2020,679
Fiscal Year 2019-2020,680
Fiscal Year 2019-2020,681
Fiscal Year 2019-2020,682
Fiscal Year 2019-2020,683
Fiscal Year 2019-2020,684
Fiscal Year 2019-2020,685
Fiscal Year 2019-2020,686
Fiscal Year 2019-2020,687
Fiscal Year 2019-2020,688
Fiscal Year 2019-2020,689
Fiscal Year 2019-2020,690
Fiscal Year 2019-2020,691
Fiscal Year 2019-2020,692
Fiscal Year 2019-2020,693
Fiscal Year 2019-2020,694
Fiscal Year 2019-2020,695
Fiscal Year 2019-2020,696
Fiscal Year 2019-2020,697
Fiscal Year 2019-2020,698
Fiscal Year 2019-2020,699
Fiscal Year 2019-2020,700
Fiscal Year 2019-2020,701
Fiscal Year 2019-2020,702
Fiscal Year 2019-2020,703
Fiscal Year 2019-2020,704
Fiscal Year 2019-2020,705
Fiscal Year 2019-2020,706
Fiscal Year 2019-2020,707
Fiscal Year 2019-2020,708
Fiscal Year 2019-2020,709
Fiscal Year 2019-2020,710
Fiscal Year 2019-2020,711
Fiscal Year 2019-2020,712
Fiscal Year 2019-2020,713
Fiscal Year 2019-2020,714
Fiscal Year 2019-2020,715
Fiscal Year 2019-2020,716
Fiscal Year 2019-2020,717
Fiscal Year 2019-2020,718
Fiscal Year 2019-2020,719
Fiscal Year 2019-2020,720
Fiscal Year 2019-2020,721
Fiscal Year 2019-2020,722
Fiscal Year 2019-2020,723
Fiscal Year 2019-2020,724
Fiscal Year 2019-2020,725
Fiscal Year 2019-2020,726
Fiscal Year 2019-2020,727
Fiscal Year 2019-2020,728
Fiscal Year 2019-2020,729
Fiscal Year 2019-2020,730
Fiscal Year 2019-2020,731
Fiscal Year 2019-2020,732
Fiscal Year 2019-2020,733
Fiscal Year 2019-2020,734
Fiscal Year 2019-2020,735
Fiscal Year 2019-2020,736
Fiscal Year 2019-2020,737
Fiscal Year 2019-2020,738
Fiscal Year 2019-2020,739
Fiscal Year 2019-2020,740
Fiscal Year 2019-2020,741
Fiscal Year 2019-2020,742
Fiscal Year 2019-2020,743
Fiscal Year 2019-2020,744
Fiscal Year 2019-2020,745
Fiscal Year 2019-2020,746
Fiscal Year 2019-2020,747
Fiscal Year 2019-2020,748
Fiscal Year 2019-2020,749
Fiscal Year 2019-2020,750
Fiscal Year 2019-2020,751
Fiscal Year 2019-2020,752
Fiscal Year 2019-2020,753
Fiscal Year 2019-2020,754
Fiscal Year 2019-2020,755
Fiscal Year 2019-2020,756
Fiscal Year 2019-2020,757
Fiscal Year 2019-2020,758
Fiscal Year 2019-2020,759
Fiscal Year 2019-2020,760
Fiscal Year 2019-2020,761
Fiscal Year 2019-2020,762
Fiscal Year 2019-2020,763
Fiscal Year 2019-2020,764
Fiscal Year 2019-2020,765
Fiscal Year 2019-2020,766
Fiscal Year 2019-2020,767
Fiscal Year 2019-2020,768
Fiscal Year 2019-2020,769
Fiscal Year 2019-2020,770
Fiscal Year 2019-2020,771
Fiscal Year 2019-2020,772
Fiscal Year 2019-2020,773
Fiscal Year 2019-2020,774
Fiscal Year 2019-2020,775
Fiscal Year 2019-2020,776
Fiscal Year 2019-2020,777
Fiscal Year 2019-2020,778
Fiscal Year 2019-2020,779
Fiscal Year 2019-2020,780
Fiscal Year 2019-2020,781
Fiscal Year 2019-2020,782
Fiscal Year 2019-2020,783
Fiscal Year 2019-2020,784
Fiscal Year 2019-2020,785
Fiscal Year 2019-2020,786
Fiscal Year 2019-2020,787
Fiscal Year 2019-2020,788
Fiscal Year 2019-2020,789
Fiscal Year 2019-2020,790
Fiscal Year 2019-2020,791
Fiscal Year 2019-2020,792
Fiscal Year 2019-2020,793
Fiscal Year 2019-2020,794
Fiscal Year 2019-2020,795
Fiscal Year 2019-2020,796
Fiscal Year 2019-2020,797
Fiscal Year 2019-2020,798
Fiscal Year 2019-2020,799
Fiscal Year 2019-2020,800
Fiscal Year 2019-2020,801
Fiscal Year 2019-2020,802
Fiscal Year 2019-2020,803
Fiscal Year 2019-2020,804
Fiscal Year 2019-2020,805
Fiscal Year 2019-2020,806
Fiscal Year 2019-2020,807
Fiscal Year 2019-2020,808
Fiscal Year 2019-2020,809
Fiscal Year 2019-2020,810
Fiscal Year 2019-2020,811
Fiscal Year 2019-2020,812
Fiscal Year 2019-2020,813
Fiscal Year 2019-2020,814
Fiscal Year 2019-2020,815
Fiscal Year 2019-2020,816
Fiscal Year 2019-2020,817
Fiscal Year 2019-2020,818
Fiscal Year 2019-2020,819
Fiscal Year 2019-2020,820
Fiscal Year 2019-2020,821
Fiscal Year 2019-2020,822
Fiscal Year 2019-2020,823
Fiscal Year 2019-2020,824
Fiscal Year 2019-2020,825
Fiscal Year 2019-2020,826
Fiscal Year 2019-2020,827
Fiscal Year 2019-2020,828
Fiscal Year 2019-2020,829
Fiscal Year 2019-2020,830
Fiscal Year 2019-2020,831
Fiscal Year 2019-2020,832
Fiscal Year 2019-2020,833
Fiscal Year 2019-2020,834
Fiscal Year 2019-2020,835
Fiscal Year 2019-2020,836
Fiscal Year 2019-2020,837
Fiscal Year 2019-2020,838
Fiscal Year 2019-2020,839
Fiscal Year 2019-2020,840
Fiscal Year 2019-2020,841
Fiscal Year 2019-2020,842
Fiscal Year 2019-2020,843
Fiscal Year 2019-2020,844
Fiscal Year 2019-2020,845
Fiscal Year 2019-2020,846
Fiscal Year 2019-2020,847
Fiscal Year 2019-2020,848
Fiscal Year 2019-2020,849
Fiscal Year 2019-2020,850
Fiscal Year 2019-2020,851
Fiscal Year 2019-2020,852
Fiscal Year 2019-2020,853
Fiscal Year 2019-2020,854
Fiscal Year 2019-2020,855
Fiscal Year 2019-2020,856
Fiscal Year 2019-2020,857
Fiscal Year 2019-2020,858
Fiscal Year 2019-2020,859
Fiscal Year 2018-2019,860
Fiscal Year 2018-2019,861
Fiscal Year 2018-2019,862
Fiscal Year 2018-2019,863
Fiscal Year 2018-2019,864
Fiscal Year 2018-2019,865
Fiscal Year 2018-2019,866
Fiscal Year 2018-2019,867
Fiscal Year 2018-2019,868
Fiscal Year 2018-2019,869
Fiscal Year 2018-2019,870
Fiscal Year 2018-2019,871
Fiscal Year 2018-2019,872
Fiscal Year 2018-2019,873
Fiscal Year 2018-2019,874
Fiscal Year 2018-2019,875
Fiscal Year 2018-2019,876
Fiscal Year 2018-2019,877
Fiscal Year 2018-2019,878
Fiscal Year 2018-2019,879
Fiscal Year 2018-2019,880
Fiscal Year 2018-2019,881
Fiscal Year 2018-2019,882
Fiscal Year 2018-2019,883
Fiscal Year 2018-2019,884
Fiscal Year 2018-2019,885
Fiscal Year 2018-2019,886
Fiscal Year 2018-2019,887
Fiscal Year 2018-2019,888
Fiscal Year 2018-2019,889
Fiscal Year 2018-2019,890
Fiscal Year 2018-2019,891
Fiscal Year 2018-2019,892
Fiscal Year 2018-2019,893
Fiscal Year 2018-2019,894
Fiscal Year 2018-2019,895
Fiscal Year 2018-2019,896
Fiscal Year 2018-2019,897
Fiscal Year 2018-2019,898
Fiscal Year 2018-2019,899
Fiscal Year 2018-2019,900
Fiscal Year 2018-2019,901
Fiscal Year 2018-2019,902
Fiscal Year 2018-2019,903
Fiscal Year 2018-2019,904
Fiscal Year 2018-2019,905
Fiscal Year 2018-2019,906
Fiscal Year 2018-2019,907
Fiscal Year 2018-2019,908
Fiscal Year 2018-2019,909
Fiscal Year 2018-2019,910
Fiscal Year 2018-2019,911
Fiscal Year 2018-2019,912
Fiscal Year 2018-2019,913
Fiscal Year 2018-2019,914
Fiscal Year 2018-2019,915
Fiscal Year 2018-2019,916
Fiscal Year 2018-2019,917
Fiscal Year 2018-2019,918
Fiscal Year 2018-2019,919
Fiscal Year 2018-2019,920
Fiscal Year 2018-2019,921
Fiscal Year 2018-2019,922
Fiscal Year 2018-2019,923
Fiscal Year 2018-2019,924
Fiscal Year 2018-2019,925
Fiscal Year 2018-2019,926
Fiscal Year 2018-2019,927
Fiscal Year 2018-2019,928
Fiscal Year 2018-2019,929
Fiscal Year 2018-2019,930
Fiscal Year 2018-2019,931
Fiscal Year 2018-2019,932
Fiscal Year 2018-2019,933
Fiscal Year 2018-2019,934
Fiscal Year 2018-2019,935
Fiscal Year 2018-2019,936
Fiscal Year 2018-2019,937
Fiscal Year 2018-2019,938
Fiscal Year 2018-2019,939
Fiscal Year 2018-2019,940
Fiscal Year 2018-2019,941
Fiscal Year 2018-2019,942
Fiscal Year 2018-2019,943
Fiscal Year 2018-2019,944
Fiscal Year 2018-2019,945
Fiscal Year 2018-2019,946
Fiscal Year 2018-2019,947
Fiscal Year 2018-2019,948
Fiscal Year 2018-2019,949
Fiscal Year 2018-2019,950
Fiscal Year 2018-2019,951
Fiscal Year 2018-2019,952
Fiscal Year 2018-2019,953
Fiscal Year 2018-2019,954
Fiscal Year 2018-2019,955
Fiscal Year 2018-2019,956
Fiscal Year 2018-2019,957
Fiscal Year 2018-2019,958
Fiscal Year 2018-2019,959
Fiscal Year 2018-2019,960
Fiscal Year 2018-2019,961
Fiscal Year 2018-2019,962
Fiscal Year 2018-2019,963
Fiscal Year 2018-2019,964
Fiscal Year 2018-2019,965
Fiscal Year 2018-2019,966
Fiscal Year 2018-2019,967
Fiscal Year 2018-2019,968
Fiscal Year 2018-2019,969
Fiscal Year 2018-2019,970
Fiscal Year 2018-2019,971
Fiscal Year 2018-2019,972
Fiscal Year 2018-2019,973
Fiscal Year 2018-2019,974
Fiscal Year 2018-2019,975
Fiscal Year 2018-2019,976
Fiscal Year 2018-2019,977
Fiscal Year 2018-2019,978
Fiscal Year 2018-2019,979
Fiscal Year 2018-2019,980
Fiscal Year 2018-2019,981
Fiscal Year 2018-2019,982
Fiscal Year 2018-2019,983
Fiscal Year 2018-2019,984
Fiscal Year 2018-2019,985
Fiscal Year 2018-2019,986
Fiscal Year 2018-2019,987
Fiscal Year 2018-2019,988
Fiscal Year 2018-2019,989
Fiscal Year 2018-2019,990
Fiscal Year 2018-2019,991
Fiscal Year 2018-2019,992
Fiscal Year 2018-2019,993
Fiscal Year 2018-2019,994
Fiscal Year 2018-2019,995
Fiscal Year 2018-2019,996
Fiscal Year 2018-2019,997
Fiscal Year 2018-2019,998
Fiscal Year 2018-2019,999
Fiscal Year 2018-2019,1000
Fiscal Year 2018-2019,1001
Fiscal Year 2018-2019,1002
Fiscal Year 2018-2019,1003
Fiscal Year 2018-2019,1004
Fiscal Year 2018-2019,1005
Fiscal Year 2018-2019,1006
Fiscal Year 2018-2019,1007
Fiscal Year 2018-2019,1008
Fiscal Year 2018-2019,1009
Fiscal Year 2018-2019,1010
Fiscal Year 2018-2019,1011
Fiscal Year 2018-2019,1012
Fiscal Year 2018-2019,1013
Fiscal Year 2018-2019,1014
Fiscal Year 2018-2019,1015
Fiscal Year 2018-2019,1016
Fiscal Year 2018-2019,1017
Fiscal Year 2018-2019,1018
Fiscal Year 2018-2019,1019
Fiscal Year 2018-2019,1020
Fiscal Year 2018-2019,1021
Fiscal Year 2018-2019,1022
Fiscal Year 2018-2019,1023
Fiscal Year 2018-2019,1024
Fiscal Year 2018-2019,1025
Fiscal Year 2018-2019,1026
Fiscal Year 2018-2019,1027
Fiscal Year 2018-2019,1028
Fiscal Year 2018-2019,1029
Fiscal Year 2018-2019,1030
Fiscal Year 2018-2019,1031
Fiscal Year 2018-2019,1032
Fiscal Year 2018-2019,1033
Fiscal Year 2018-2019,1034
Fiscal Year 2018-2019,1035
Fiscal Year 2018-2019,1036
Fiscal Year 2018-2019,1037
Fiscal Year 2018-2019,1038
Fiscal Year 2018-2019,1039
Fiscal Year 2018-2019,1040
Fiscal Year 2018-2019,1041
Fiscal Year 2018-2019,1042
Fiscal Year 2018-2019,1043
Fiscal Year 2018-2019,1044
Fiscal Year 2018-2019,1045
Fiscal Year 2018-2019,1046
Fiscal Year 2018-2019,1047
Fiscal Year 2018-2019,1048
Fiscal Year 2018-2019,1049
Fiscal Year 2018-2019,1050
Fiscal Year 2018-2019,1051
Fiscal Year 2018-2019,1052
Fiscal Year 2018-2019,1053
Fiscal Year 2018-2019,1054
Fiscal Year 2018-2019,1055
Fiscal Year 2018-2019,1056
Fiscal Year 2018-2019,1057
Fiscal Year 2018-2019,1058
Fiscal Year 2018-2019,1059
Fiscal Year 2018-2019,1060
Fiscal Year 2018-2019,1061
Fiscal Year 2018-2019,1062
Fiscal Year 2018-2019,1063
Fiscal Year 2018-2019,1064
Fiscal Year 2018-2019,1065
Fiscal Year 2018-2019,1066
Fiscal Year 2018-2019,1067
Fiscal Year 2018-2019,1068
Fiscal Year 2018-2019,1069
Fiscal Year 2018-2019,1070
Fiscal Year 2018-2019,1071
Fiscal Year 2018-2019,1072
Fiscal Year 2018-2019,1073
Fiscal Year 2018-2019,1074
Fiscal Year 2018-2019,1075
Fiscal Year 2018-2019,1076
Fiscal Year 2018-2019,1077
Fiscal Year 2018-2019,1078
Fiscal Year 2018-2019,1079
Fiscal Year 2018-2019,1080
Fiscal Year 2018-2019,1081
Fiscal Year 2018-2019,1082
Fiscal Year 2018-2019,1083
Fiscal Year 2018-2019,1084
Fiscal Year 2018-2019,1085
Fiscal Year 2018-2019,1086
Fiscal Year 2018-2019,1087
Fiscal Year 2018-2019,1088
Fiscal Year 2018-2019,1089
Fiscal Year 2018-2019,1090
Fiscal Year 2018-2019,1091
Fiscal Year 2018-2019,1092
Fiscal Year 2018-2019,1093
Fiscal Year 2018-2019,1094
Fiscal Year 2018-2019,1095
Fiscal Year 2018-2019,1096
Fiscal Year 2018-2019,1097
Fiscal Year 2018-2019,1098
Fiscal Year 2018-2019,1099
Fiscal Year 2018-2019,1100
Fiscal Year 2018-2019,1101
Fiscal Year 2018-2019,1102
Fiscal Year 2018-2019,1103
Fiscal Year 2018-2019,1104
Fiscal Year 2018-2019,1105
Fiscal Year 2018-2019,1106
Fiscal Year 2018-2019,1107
Fiscal Year 2018-2019,1108
Fiscal Year 2018-2019,1109
Fiscal Year 2018-2019,1110
Fiscal Year 2018-2019,1111
Fiscal Year 2018-2019,1112
Fiscal Year 2018-2019,1113
Fiscal Year 2018-2019,1114
Fiscal Year 2018-2019,1115
Fiscal Year 2018-2019,1116
Fiscal Year 2018-2019,1117
Fiscal Year 2018-2019,1118
Fiscal Year 2018-2019,1119
Fiscal Year 2018-2019,1120
Fiscal Year 2018-2019,1121
Fiscal Year 2018-2019,1122
Fiscal Year 2018-2019,1123
Fiscal Year 2018-2019,1124
Fiscal Year 2018-2019,1125
Fiscal Year 2018-2019,1126
Fiscal Year 2018-2019,1127
Fiscal Year 2018-2019,1128
Fiscal Year 2018-2019,1129
Fiscal Year 2018-2019,1130
Fiscal Year 2018-2019,1131
Fiscal Year 2018-2019,1132
Fiscal Year 2018-2019,1133
Fiscal Year 2018-2019,1134
Fiscal Year 2018-2019,1135
Fiscal Year 2018-2019,1136
Fiscal Year 2018-2019,1137
Fiscal Year 2018-2019,1138
Fiscal Year 2018-2019,1139
Fiscal Year 2018-2019,1140
Fiscal Year 2018-2019,1141
Fiscal Year 2018-2019,1142
Fiscal Year 2018-2019,1143
Fiscal Year 2018-2019,1144
Fiscal Year 2018-2019,1145
Fiscal Year 2018-2019,1146
Fiscal Year 2018-2019,1147
Fiscal Year 2018-2019,1148
Fiscal Year 2018-2019,1149
Fiscal Year 2018-2019,1150
Fiscal Year 2018-2019,1151
Fiscal Year 2018-2019,1152
Fiscal Year 2018-2019,1153
Fiscal Year 2018-2019,1154
Fiscal Year 2018-2019,1155
Fiscal Year 2018-2019,1156
Fiscal Year 2018-2019,1157
Fiscal Year 2018-2019,1158
Fiscal Year 2018-2019,1159
Fiscal Year 2018-2019,1160
Fiscal Year 2018-2019,1161
Fiscal Year 2018-2019,1162
Fiscal Year 2018-2019,1163
Fiscal Year 2018-2019,1164
Fiscal Year 2018-2019,1165
Fiscal Year 2018-2019,1166
Fiscal Year 2018-2019,1167
Fiscal Year 2018-2019,1168
Fiscal Year 2018-2019,1169
Fiscal Year 2018-2019,1170
Fiscal Year 2018-2019,1171
Fiscal Year 2018-2019,1172
Fiscal Year 2018-2019,1173
Fiscal Year 2018-2019,1174
Fiscal Year 2018-2019,1175
Fiscal Year 2018-2019,1176
Fiscal Year 2018-2019,1177
Fiscal Year 2018-2019,1178
Fiscal Year 2018-2019,1179
Fiscal Year 2018-2019,1180
Fiscal Year 2018-2019,1181
Fiscal Year 2018-2019,1182
Fiscal Year 2018-2019,1183
Fiscal Year 2018-2019,1184
Fiscal Year 2018-2019,1185
Fiscal Year 2018-2019,1186
Fiscal Year 2018-2019,1187
Fiscal Year 2018-2019,1188
Fiscal Year 2018-2019,1189
Fiscal Year 2018-2019,1190
Fiscal Year 2018-2019,1191
Fiscal Year 2018-2019,1192
Fiscal Year 2018-2019,1193
Fiscal Year 2018-2019,1194
Fiscal Year 2018-2019,1195
Fiscal Year 2018-2019,1196
Fiscal Year 2018-2019,1197
Fiscal Year 2018-2019,1198
Fiscal Year 2018-2019,1199
Fiscal Year 2018-2019,1200
Fiscal Year 2018-2019,1201
Fiscal Year 2018-2019,1202
Fiscal Year 2018-2019,1203
Fiscal Year 2018-2019,1204
Fiscal Year 2018-2019,1205
Fiscal Year 2018-2019,1206
Fiscal Year 2018-2019,1207
Fiscal Year 2018-2019,1208
Fiscal Year 2018-2019,1209
Fiscal Year 2018-2019,1210
Fiscal Year 2018-2019,1211
Fiscal Year 2018-2019,1212
Fiscal Year 2018-2019,1213
Fiscal Year 2018-2019,1214
Fiscal Year 2018-2019,1215
Fiscal Year 2018-2019,1216
Fiscal Year 2018-2019,1217
Fiscal Year 2018-2019,1218
Fiscal Year 2018-2019,1219
Fiscal Year 2018-2019,1220
Fiscal Year 2018-2019,1221
Fiscal Year 2018-2019,1222
Fiscal Year 2018-2019,1223
Fiscal Year 2018-2019,1224
Fiscal Year 2017-2018,1225
Fiscal Year 2017-2018,1226
Fiscal Year 2017-2018,1227
Fiscal Year 2017-2018,1228
Fiscal Year 2017-2018,1229
Fiscal Year 2017-2018,1230
Fiscal Year 2017-2018,1231
Fiscal Year 2017-2018,1232
Fiscal Year 2017-2018,1233
Fiscal Year 2017-2018,1234
Fiscal Year 2017-2018,1235
Fiscal Year 2017-2018,1236
Fiscal Year 2017-2018,1237
Fiscal Year 2017-2018,1238
Fiscal Year 2017-2018,1239
Fiscal Year 2017-2018,1240
Fiscal Year 2017-2018,1241
Fiscal Year 2017-2018,1242
Fiscal Year 2017-2018,1243
Fiscal Year 2017-2018,1244
Fiscal Year 2017-2018,1245
Fiscal Year 2017-2018,1246
Fiscal Year 2017-2018,1247
Fiscal Year 2017-2018,1248
Fiscal Year 2017-2018,1249
Fiscal Year 2017-2018,1250
Fiscal Year 2017-2018,1251
Fiscal Year 2017-2018,1252
Fiscal Year 2017-2018,1253
Fiscal Year 2017-2018,1254
Fiscal Year 2017-2018,1255
Fiscal Year 2017-2018,1256
Fiscal Year 2017-2018,1257
Fiscal Year 2017-2018,1258
Fiscal Year 2017-2018,1259
Fiscal Year 2017-2018,1260
Fiscal Year 2017-2018,1261
Fiscal Year 2017-2018,1262
Fiscal Year 2017-2018,1263
Fiscal Year 2017-2018,1264
Fiscal Year 2017-2018,1265
Fiscal Year 2017-2018,1266
Fiscal Year 2017-2018,1267
Fiscal Year 2017-2018,1268
Fiscal Year 2017-2018,1269
Fiscal Year 2017-2018,1270
Fiscal Year 2017-2018,1271
Fiscal Year 2017-2018,1272
Fiscal Year 2017-2018,1273
Fiscal Year 2017-2018,1274
Fiscal Year 2017-2018,1275
Fiscal Year 2017-2018,1276
Fiscal Year 2017-2018,1277
Fiscal Year 2017-2018,1278
Fiscal Year 2017-2018,1279
Fiscal Year 2017-2018,1280
Fiscal Year 2017-2018,1281
Fiscal Year 2017-2018,1282
Fiscal Year 2017-2018,1283
Fiscal Year 2017-2018,1284
Fiscal Year 2017-2018,1285
Fiscal Year 2017-2018,1286
Fiscal Year 2017-2018,1287
Fiscal Year 2017-2018,1288
Fiscal Year 2017-2018,1289
Fiscal Year 2017-2018,1290
Fiscal Year 2017-2018,1291
Fiscal Year 2017-2018,1292
Fiscal Year 2017-2018,1293
Fiscal Year 2017-2018,1294
Fiscal Year 2017-2018,1295
Fiscal Year 2017-2018,1296
Fiscal Year 2017-2018,1297
Fiscal Year 2017-2018,1298
Fiscal Year 2017-2018,1299
Fiscal Year 2017-2018,1300
Fiscal Year 2017-2018,1301
Fiscal Year 2017-2018,1302
Fiscal Year 2017-2018,1303
Fiscal Year 2017-2018,1304
Fiscal Year 2017-2018,1305
Fiscal Year 2017-2018,1306
Fiscal Year 2017-2018,1307
Fiscal Year 2017-2018,1308
Fiscal Year 2017-2018,1309
Fiscal Year 2017-2018,1310
Fiscal Year 2017-2018,1311
Fiscal Year 2017-2018,1312
Fiscal Year 2017-2018,1313
Fiscal Year 2017-2018,1314
Fiscal Year 2017-2018,1315
Fiscal Year 2017-2018,1316
Fiscal Year 2017-2018,1317
Fiscal Year 2017-2018,1318
Fiscal Year 2017-2018,1319
Fiscal Year 2017-2018,1320
Fiscal Year 2017-2018,1321
Fiscal Year 2017-2018,1322
Fiscal Year 2017-2018,1323
Fiscal Year 2017-2018,1324
Fiscal Year 2017-2018,1325
Fiscal Year 2017-2018,1326
Fiscal Year 2017-2018,1327
Fiscal Year 2017-2018,1328
Fiscal Year 2017-2018,1329
Fiscal Year 2017-2018,1330
Fiscal Year 2017-2018,1331
Fiscal Year 2017-2018,1332
Fiscal Year 2017-2018,1333
Fiscal Year 2017-2018,1334
Fiscal Year 2017-2018,1335
Fiscal Year 2017-2018,1336
Fiscal Year 2017-2018,1337
Fiscal Year 2017-2018,1338
Fiscal Year 2017-2018,1339
Fiscal Year 2017-2018,1340
Fiscal Year 2017-2018,1341
Fiscal Year 2017-2018,1342
Fiscal Year 2017-2018,1343
Fiscal Year 2017-2018,1344
Fiscal Year 2017-2018,1345
Fiscal Year 2017-2018,1346
Fiscal Year 2017-2018,1347
Fiscal Year 2017-2018,1348
Fiscal Year 2017-2018,1349
Fiscal Year 2017-2018,1350
Fiscal Year 2017-2018,1351
Fiscal Year 2017-2018,1352
Fiscal Year 2017-2018,1353
Fiscal Year 2017-2018,1354
Fiscal Year 2017-2018,1355
Fiscal Year 2017-2018,1356
Fiscal Year 2017-2018,1357
Fiscal Year 2017-2018,1358
Fiscal Year 2017-2018,1359
Fiscal Year 2017-2018,1360
Fiscal Year 2017-2018,1361
Fiscal Year 2017-2018,1362
Fiscal Year 2017-2018,1363
Fiscal Year 2017-2018,1364
Fiscal Year 2017-2018,1365
Fiscal Year 2017-2018,1366
Fiscal Year 2017-2018,1367
Fiscal Year 2017-2018,1368
Fiscal Year 2017-2018,1369
Fiscal Year 2017-2018,1370
Fiscal Year 2017-2018,1371
Fiscal Year 2017-2018,1372
Fiscal Year 2017-2018,1373
Fiscal Year 2017-2018,1374
Fiscal Year 2017-2018,1375
Fiscal Year 2017-2018,1376
Fiscal Year 2017-2018,1377
Fiscal Year 2017-2018,1378
Fiscal Year 2017-2018,1379
Fiscal Year 2017-2018,1380
Fiscal Year 2017-2018,1381
Fiscal Year 2017-2018,1382
Fiscal Year 2017-2018,1383
Fiscal Year 2017-2018,1384
Fiscal Year 2017-2018,1385
Fiscal Year 2017-2018,1386
Fiscal Year 2017-2018,1387
Fiscal Year 2017-2018,1388
Fiscal Year 2017-2018,1389
Fiscal Year 2017-2018,1390
Fiscal Year 2017-2018,1391
Fiscal Year 2017-2018,1392
Fiscal Year 2017-2018,1393
Fiscal Year 2017-2018,1394
Fiscal Year 2017-2018,1395
Fiscal Year 2017-2018,1396
Fiscal Year 2017-2018,1397
Fiscal Year 2017-2018,1398
Fiscal Year 2017-2018,1399
Fiscal Year 2017-2018,1400
Fiscal Year 2017-2018,1401
Fiscal Year 2017-2018,1402
Fiscal Year 2017-2018,1403
Fiscal Year 2017-2018,1404
Fiscal Year 2017-2018,1405
Fiscal Year 2017-2018,1406
Fiscal Year 2017-2018,1407
Fiscal Year 2017-2018,1408
Fiscal Year 2017-2018,1409
Fiscal Year 2017-2018,1410
Fiscal Year 2017-2018,1411
Fiscal Year 2017-2018,1412
Fiscal Year 2017-2018,1413
Fiscal Year 2017-2018,1414
Fiscal Year 2017-2018,1415
Fiscal Year 2017-2018,1416
Fiscal Year 2017-2018,1417
Fiscal Year 2017-2018,1418
Fiscal Year 2017-2018,1419
Fiscal Year 2017-2018,1420
Fiscal Year 2017-2018,1421
Fiscal Year 2017-2018,1422
Fiscal Year 2017-2018,1423
Fiscal Year 2017-2018,1424
Fiscal Year 2017-2018,1425
Fiscal Year 2017-2018,1426
Fiscal Year 2017-2018,1427
Fiscal Year 2017-2018,1428
Fiscal Year 2017-2018,1429
Fiscal Year 2017-2018,1430
Fiscal Year 2017-2018,1431
Fiscal Year 2017-2018,1432
Fiscal Year 2017-2018,1433
Fiscal Year 2017-2018,1434
Fiscal Year 2017-2018,1435
Fiscal Year 2017-2018,1436
Fiscal Year 2017-2018,1437
Fiscal Year 2017-2018,1438
Fiscal Year 2017-2018,1439
Fiscal Year 2017-2018,1440
Fiscal Year 2017-2018,1441
Fiscal Year 2017-2018,1442
Fiscal Year 2017-2018,1443
Fiscal Year 2017-2018,1444
Fiscal Year 2017-2018,1445
Fiscal Year 2017-2018,1446
Fiscal Year 2017-2018,1447
Fiscal Year 2017-2018,1448
Fiscal Year 2017-2018,1449
Fiscal Year 2017-2018,1450
Fiscal Year 2017-2018,1451
Fiscal Year 2017-2018,1452
Fiscal Year 2017-2018,1453
Fiscal Year 2017-2018,1454
Fiscal Year 2017-2018,1455
Fiscal Year 2017-2018,1456
Fiscal Year 2017-2018,1457
Fiscal Year 2017-2018,1458
Fiscal Year 2017-2018,1459
Fiscal Year 2017-2018,1460
Fiscal Year 2017-2018,1461
Fiscal Year 2017-2018,1462
Fiscal Year 2017-2018,1463
Fiscal Year 2017-2018,1464
Fiscal Year 2017-2018,1465
Fiscal Year 2017-2018,1466
Fiscal Year 2017-2018,1467
Fiscal Year 2017-2018,1468
Fiscal Year 2017-2018,1469
Fiscal Year 2017-2018,1470
Fiscal Year 2017-2018,1471
Fiscal Year 2017-2018,1472
Fiscal Year 2017-2018,1473
Fiscal Year 2017-2018,1474
Fiscal Year 2017-2018,1475
Fiscal Year 2017-2018,1476
Fiscal Year 2017-2018,1477
Fiscal Year 2017-2018,1478
Fiscal Year 2017-2018,1479
Fiscal Year 2017-2018,1480
Fiscal Year 2017-2018,1481
Fiscal Year 2017-2018,1482
Fiscal Year 2017-2018,1483
Fiscal Year 2017-2018,1484
Fiscal Year 2017-2018,1485
Fiscal Year 2017-2018,1486
Fiscal Year 2017-2018,1487
Fiscal Year 2017-2018,1488
Fiscal Year 2017-2018,1489
Fiscal Year 2017-2018,1490
Fiscal Year 2017-2018,1491
Fiscal Year 2017-2018,1492
Fiscal Year 2017-2018,1493
Fiscal Year 2017-2018,1494
Fiscal Year 2017-2018,1495
Fiscal Year 2017-2018,1496
Fiscal Year 2017-2018,1497
Fiscal Year 2017-2018,1498
Fiscal Year 2017-2018,1499
Fiscal Year 2017-2018,1500
Fiscal Year 2017-2018,1501
Fiscal Year 2017-2018,1502
Fiscal Year 2017-2018,1503
Fiscal Year 2017-2018,1504
Fiscal Year 2017-2018,1505
Fiscal Year 2017-2018,1506
Fiscal Year 2017-2018,1507
Fiscal Year 2017-2018,1508
Fiscal Year 2017-2018,1509
Fiscal Year 2017-2018,1510
Fiscal Year 2017-2018,1511
Fiscal Year 2017-2018,1512
Fiscal Year 2017-2018,1513
Fiscal Year 2017-2018,1514
Fiscal Year 2017-2018,1515
Fiscal Year 2017-2018,1516
Fiscal Year 2017-2018,1517
Fiscal Year 2017-2018,1518
Fiscal Year 2017-2018,1519
Fiscal Year 2017-2018,1520
Fiscal Year 2017-2018,1521
Fiscal Year 2017-2018,1522
Fiscal Year 2017-2018,1523
Fiscal Year 2017-2018,1524
Fiscal Year 2017-2018,1525
Fiscal Year 2017-2018,1526
Fiscal Year 2017-2018,1527
Fiscal Year 2017-2018,1528
Fiscal Year 2017-2018,1529
Fiscal Year 2017-2018,1530
Fiscal Year 2017-2018,1531
Fiscal Year 2017-2018,1532
Fiscal Year 2017-2018,1533
Fiscal Year 2017-2018,1534
Fiscal Year 2017-2018,1535
Fiscal Year 2017-2018,1536
Fiscal Year 2017-2018,1537
Fiscal Year 2017-2018,1538
Fiscal Year 2017-2018,1539
Fiscal Year 2017-2018,1540
Fiscal Year 2017-2018,1541
Fiscal Year 2017-2018,1542
Fiscal Year 2017-2018,1543
Fiscal Year 2017-2018,1544
Fiscal Year 2017-2018,1545
Fiscal Year 2017-2018,1546
Fiscal Year 2017-2018,1547
Fiscal Year 2017-2018,1548
Fiscal Year 2017-2018,1549
Fiscal Year 2017-2018,1550
Fiscal Year 2017-2018,1551
Fiscal Year 2017-2018,1552
Fiscal Year 2017-2018,1553
Fiscal Year 2017-2018,1554
Fiscal Year 2017-2018,1555
Fiscal Year 2017-2018,1556
Fiscal Year 2017-2018,1557
Fiscal Year 2017-2018,1558
Fiscal Year 2017-2018,1559
Fiscal Year 2017-2018,1560
Fiscal Year 2017-2018,1561
Fiscal Year 2017-2018,1562
Fiscal Year 2017-2018,1563
Fiscal Year 2017-2018,1564
Fiscal Year 2017-2018,1565
Fiscal Year 2017-2018,1566
Fiscal Year 2017-2018,1567
Fiscal Year 2017-2018,1568
Fiscal Year 2017-2018,1569
Fiscal Year 2017-2018,1570
Fiscal Year 2017-2018,1571
Fiscal Year 2017-2018,1572
Fiscal Year 2017-2018,1573
Fiscal Year 2017-2018,1574
Fiscal Year 2017-2018,1575
Fiscal Year 2017-2018,1576
Fiscal Year 2017-2018,1577
Fiscal Year 2017-2018,1578
Fiscal Year 2017-2018,1579
Fiscal Year 2017-2018,1580
Fiscal Year 2017-2018,1581
Fiscal Year 2017-2018,1582
Fiscal Year 2017-2018,1583
Fiscal Year 2017-2018,1584
Fiscal Year 2017-2018,1585
Fiscal Year 2017-2018,1586
Fiscal Year 2017-2018,1587
Fiscal Year 2017-2018,1588
Fiscal Year 2017-2018,1589
Fiscal Year 2017-2018,1590
Fiscal Year 2016-2017,1591
Fiscal Year 2016-2017,1592
Fiscal Year 2016-2017,1593
Fiscal Year 2016-2017,1594
Fiscal Year 2016-2017,1595
Fiscal Year 2016-2017,1596
Fiscal Year 2016-2017,1597
Fiscal Year 2016-2017,1598
Fiscal Year 2016-2017,1599
Fiscal Year 2016-2017,1600
Fiscal Year 2016-2017,1601
Fiscal Year 2016-2017,1602
Fiscal Year 2016-2017,1603
Fiscal Year 2016-2017,1604
Fiscal Year 2016-2017,1605
Fiscal Year 2016-2017,1606
Fiscal Year 2016-2017,1607
Fiscal Year 2016-2017,1608
Fiscal Year 2016-2017,1609
Fiscal Year 2016-2017,1610
Fiscal Year 2016-2017,1611
Fiscal Year 2016-2017,1612
Fiscal Year 2016-2017,1613
Fiscal Year 2016-2017,1614
Fiscal Year 2016-2017,1615
Fiscal Year 2016-2017,1616
Fiscal Year 2016-2017,1617
Fiscal Year 2016-2017,1618
Fiscal Year 2016-2017,1619
Fiscal Year 2016-2017,1620
Fiscal Year 2016-2017,1621
Fiscal Year 2016-2017,1622
Fiscal Year 2016-2017,1623
Fiscal Year 2016-2017,1624
Fiscal Year 2016-2017,1625
Fiscal Year 2016-2017,1626
Fiscal Year 2016-2017,1627
Fiscal Year 2016-2017,1628
Fiscal Year 2016-2017,1629
Fiscal Year 2016-2017,1630
Fiscal Year 2016-2017,1631
Fiscal Year 2016-2017,1632
Fiscal Year 2016-2017,1633
Fiscal Year 2016-2017,1634
Fiscal Year 2016-2017,1635
Fiscal Year 2016-2017,1636
Fiscal Year 2016-2017,1637
Fiscal Year 2016-2017,1638
Fiscal Year 2016-2017,1639
Fiscal Year 2016-2017,1640
Fiscal Year 2016-2017,1641
Fiscal Year 2016-2017,1642
Fiscal Year 2016-2017,1643
Fiscal Year 2016-2017,1644
Fiscal Year 2016-2017,1645
Fiscal Year 2016-2017,1646
Fiscal Year 2016-2017,1647
Fiscal Year 2016-2017,1648
Fiscal Year 2016-2017,1649
Fiscal Year 2016-2017,1650
Fiscal Year 2016-2017,1651
Fiscal Year 2016-2017,1652
Fiscal Year 2016-2017,1653
Fiscal Year 2016-2017,1654
Fiscal Year 2016-2017,1655
Fiscal Year 2016-2017,1656
Fiscal Year 2016-2017,1657
Fiscal Year 2016-2017,1658
Fiscal Year 2016-2017,1659
Fiscal Year 2016-2017,1660
Fiscal Year 2016-2017,1661
Fiscal Year 2016-2017,1662
Fiscal Year 2016-2017,1663
Fiscal Year 2016-2017,1664
Fiscal Year 2016-2017,1665
Fiscal Year 2016-2017,1666
Fiscal Year 2016-2017,1667
Fiscal Year 2016-2017,1668
Fiscal Year 2016-2017,1669
Fiscal Year 2016-2017,1670
Fiscal Year 2016-2017,1671
Fiscal Year 2016-2017,1672
Fiscal Year 2016-2017,1673
Fiscal Year 2016-2017,1674
Fiscal Year 2016-2017,1675
Fiscal Year 2016-2017,1676
Fiscal Year 2016-2017,1677
Fiscal Year 2016-2017,1678
Fiscal Year 2016-2017,1679
Fiscal Year 2016-2017,1680
Fiscal Year 2016-2017,1681
Fiscal Year 2016-2017,1682
Fiscal Year 2016-2017,1683
Fiscal Year 2016-2017,1684
Fiscal Year 2016-2017,1685
Fiscal Year 2016-2017,1686
Fiscal Year 2016-2017,1687
Fiscal Year 2016-2017,1688
Fiscal Year 2016-2017,1689
Fiscal Year 2016-2017,1690
Fiscal Year 2016-2017,1691
Fiscal Year 2016-2017,1692
Fiscal Year 2016-2017,1693
Fiscal Year 2016-2017,1694
Fiscal Year 2016-2017,1695
Fiscal Year 2016-2017,1696
Fiscal Year 2016-2017,1697
Fiscal Year 2016-2017,1698
Fiscal Year 2016-2017,1699
Fiscal Year 2016-2017,1700
Fiscal Year 2016-2017,1701
Fiscal Year 2016-2017,1702
Fiscal Year 2016-2017,1703
Fiscal Year 2016-2017,1704
Fiscal Year 2016-2017,1705
Fiscal Year 2016-2017,1706
Fiscal Year 2016-2017,1707
Fiscal Year 2016-2017,1708
Fiscal Year 2016-2017,1709
Fiscal Year 2016-2017,1710
Fiscal Year 2016-2017,1711
Fiscal Year 2016-2017,1712
Fiscal Year 2016-2017,1713
Fiscal Year 2016-2017,1714
Fiscal Year 2016-2017,1715
Fiscal Year 2016-2017,1716
Fiscal Year 2016-2017,1717
Fiscal Year 2016-2017,1718
Fiscal Year 2016-2017,1719
Fiscal Year 2016-2017,1720
Fiscal Year 2016-2017,1721
Fiscal Year 2016-2017,1722
Fiscal Year 2016-2017,1723
Fiscal Year 2016-2017,1724
Fiscal Year 2016-2017,1725
Fiscal Year 2016-2017,1726
Fiscal Year 2016-2017,1727
Fiscal Year 2016-2017,1728
Fiscal Year 2016-2017,1729
Fiscal Year 2016-2017,1730
Fiscal Year 2016-2017,1731
Fiscal Year 2016-2017,1732
Fiscal Year 2016-2017,1733
Fiscal Year 2016-2017,1734
Fiscal Year 2016-2017,1735
Fiscal Year 2016-2017,1736
Fiscal Year 2016-2017,1737
Fiscal Year 2016-2017,1738
Fiscal Year 2016-2017,1739
Fiscal Year 2016-2017,1740
Fiscal Year 2016-2017,1741
Fiscal Year 2016-2017,1742
Fiscal Year 2016-2017,1743
Fiscal Year 2016-2017,1744
Fiscal Year 2016-2017,1745
Fiscal Year 2016-2017,1746
Fiscal Year 2016-2017,1747
Fiscal Year 2016-2017,1748
Fiscal Year 2016-2017,1749
Fiscal Year 2016-2017,1750
Fiscal Year 2016-2017,1751
Fiscal Year 2016-2017,1752
Fiscal Year 2016-2017,1753
Fiscal Year 2016-2017,1754
Fiscal Year 2016-2017,1755
Fiscal Year 2016-2017,1756
Fiscal Year 2016-2017,1757
Fiscal Year 2016-2017,1758
Fiscal Year 2016-2017,1759
Fiscal Year 2016-2017,1760
Fiscal Year 2016-2017,1761
Fiscal Year 2016-2017,1762
Fiscal Year 2016-2017,1763
Fiscal Year 2016-2017,1764
Fiscal Year 2016-2017,1765
Fiscal Year 2016-2017,1766
Fiscal Year 2016-2017,1767
Fiscal Year 2016-2017,1768
Fiscal Year 2016-2017,1769
Fiscal Year 2016-2017,1770
Fiscal Year 2016-2017,1771
Fiscal Year 2016-2017,1772
Fiscal Year 2016-2017,1773
Fiscal Year 2016-2017,1774
Fiscal Year 2016-2017,1775
Fiscal Year 2016-2017,1776
Fiscal Year 2016-2017,1777
Fiscal Year 2016-2017,1778
Fiscal Year 2016-2017,1779
Fiscal Year 2016-2017,1780
Fiscal Year 2016-2017,1781
Fiscal Year 2016-2017,1782
Fiscal Year 2016-2017,1783
Fiscal Year 2016-2017,1784
Fiscal Year 2016-2017,1785
Fiscal Year 2016-2017,1786
Fiscal Year 2016-2017,1787
Fiscal Year 2016-2017,1788
Fiscal Year 2016-2017,1789
Fiscal Year 2016-2017,1790
Fiscal Year 2016-2017,1791
Fiscal Year 2016-2017,1792
Fiscal Year 2016-2017,1793
Fiscal Year 2016-2017,1794
Fiscal Year 2016-2017,1795
Fiscal Year 2016-2017,1796
Fiscal Year 2016-2017,1797
Fiscal Year 2016-2017,1798
Fiscal Year 2016-2017,1799
Fiscal Year 2016-2017,1800
Fiscal Year 2016-2017,1801
Fiscal Year 2016-2017,1802
Fiscal Year 2016-2017,1803
Fiscal Year 2016-2017,1804
Fiscal Year 2016-2017,1805
Fiscal Year 2016-2017,1806
Fiscal Year 2016-2017,1807
Fiscal Year 2016-2017,1808
Fiscal Year 2016-2017,1809
Fiscal Year 2016-2017,1810
Fiscal Year 2016-2017,1811
Fiscal Year 2016-2017,1812
Fiscal Year 2016-2017,1813
Fiscal Year 2016-2017,1814
Fiscal Year 2016-2017,1815
Fiscal Year 2016-2017,1816
Fiscal Year 2016-2017,1817
Fiscal Year 2016-2017,1818
Fiscal Year 2016-2017,1819
Fiscal Year 2016-2017,1820
Fiscal Year 2016-2017,1821
Fiscal Year 2016-2017,1822
Fiscal Year 2016-2017,1823
Fiscal Year 2016-2017,1824
Fiscal Year 2016-2017,1825
Fiscal Year 2016-2017,1826
Fiscal Year 2016-2017,1827
Fiscal Year 2016-2017,1828
Fiscal Year 2016-2017,1829
Fiscal Year 2016-2017,1830
Fiscal Year 2016-2017,1831
Fiscal Year 2016-2017,1832
Fiscal Year 2016-2017,1833
Fiscal Year 2016-2017,1834
Fiscal Year 2016-2017,1835
Fiscal Year 2016-2017,1836
Fiscal Year 2016-2017,1837
Fiscal Year 2016-2017,1838
Fiscal Year 2016-2017,1839
Fiscal Year 2016-2017,1840
Fiscal Year 2016-2017,1841
Fiscal Year 2016-2017,1842
Fiscal Year 2016-2017,1843
Fiscal Year 2016-2017,1844
Fiscal Year 2016-2017,1845
Fiscal Year 2016-2017,1846
Fiscal Year 2016-2017,1847
Fiscal Year 2016-2017,1848
Fiscal Year 2016-2017,1849
Fiscal Year 2016-2017,1850
Fiscal Year 2016-2017,1851
Fiscal Year 2016-2017,1852
Fiscal Year 2016-2017,1853
Fiscal Year 2016-2017,1854
Fiscal Year 2016-2017,1855
Fiscal Year 2016-2017,1856
Fiscal Year 2016-2017,1857
Fiscal Year 2016-2017,1858
Fiscal Year 2016-2017,1859
Fiscal Year 2016-2017,1860
Fiscal Year 2016-2017,1861
Fiscal Year 2016-2017,1862
Fiscal Year 2016-2017,1863
Fiscal Year 2016-2017,1864
Fiscal Year 2016-2017,1865
Fiscal Year 2016-2017,1866
Fiscal Year 2016-2017,1867
Fiscal Year 2016-2017,1868
Fiscal Year 2016-2017,1869
Fiscal Year 2016-2017,1870
Fiscal Year 2016-2017,1871
Fiscal Year 2016-2017,1872
Fiscal Year 2016-2017,1873
Fiscal Year 2016-2017,1874
Fiscal Year 2016-2017,1875
Fiscal Year 2016-2017,1876
Fiscal Year 2016-2017,1877
Fiscal Year 2016-2017,1878
Fiscal Year 2016-2017,1879
Fiscal Year 2016-2017,1880
Fiscal Year 2016-2017,1881
Fiscal Year 2016-2017,1882
Fiscal Year 2016-2017,1883
Fiscal Year 2016-2017,1884
Fiscal Year 2016-2017,1885
Fiscal Year 2016-2017,1886
Fiscal Year 2016-2017,1887
Fiscal Year 2016-2017,1888
Fiscal Year 2016-2017,1889
Fiscal Year 2016-2017,1890
Fiscal Year 2016-2017,1891
Fiscal Year 2016-2017,1892
Fiscal Year 2016-2017,1893
Fiscal Year 2016-2017,1894
Fiscal Year 2016-2017,1895
Fiscal Year 2016-2017,1896
Fiscal Year 2016-2017,1897
Fiscal Year 2016-2017,1898
Fiscal Year 2016-2017,1899
Fiscal Year 2016-2017,1900
Fiscal Year 2016-2017,1901
Fiscal Year 2016-2017,1902
Fiscal Year 2016-2017,1903
Fiscal Year 2016-2017,1904
Fiscal Year 2016-2017,1905
Fiscal Year 2016-2017,1906
Fiscal Year 2016-2017,1907
Fiscal Year 2016-2017,1908
Fiscal Year 2016-2017,1909
Fiscal Year 2016-2017,1910
Fiscal Year 2016-2017,1911
Fiscal Year 2016-2017,1912
Fiscal Year 2016-2017,1913
Fiscal Year 2016-2017,1914
Fiscal Year 2016-2017,1915
Fiscal Year 2016-2017,1916
Fiscal Year 2016-2017,1917
Fiscal Year 2016-2017,1918
Fiscal Year 2016-2017,1919
Fiscal Year 2016-2017,1920
Fiscal Year 2016-2017,1921
Fiscal Year 2016-2017,1922
Fiscal Year 2016-2017,1923
Fiscal Year 2016-2017,1924
Fiscal Year 2016-2017,1925
Fiscal Year 2016-2017,1926
Fiscal Year 2016-2017,1927
Fiscal Year 2016-2017,1928
Fiscal Year 2016-2017,1929
Fiscal Year 2016-2017,1930
Fiscal Year 2016-2017,1931
Fiscal Year 2016-2017,1932
Fiscal Year 2016-2017,1933
Fiscal Year 2016-2017,1934
Fiscal Year 2016-2017,1935
Fiscal Year 2016-2017,1936
Fiscal Year 2016-2017,1937
Fiscal Year 2016-2017,1938
Fiscal Year 2016-2017,1939
Fiscal Year 2016-2017,1940
Fiscal Year 2016-2017,1941
Fiscal Year 2016-2017,1942
Fiscal Year 2016-2017,1943
Fiscal Year 2016-2017,1944
Fiscal Year 2016-2017,1945
Fiscal Year 2016-2017,1946
Fiscal Year 2016-2017,1947
Fiscal Year 2016-2017,1948
Fiscal Year 2016-2017,1949
Fiscal Year 2016-2017,1950
Fiscal Year 2016-2017,1951
Fiscal Year 2016-2017,1952
Fiscal Year 2016-2017,1953
Fiscal Year 2016-2017,1954
Fiscal Year 2016-2017,1955
Fiscal Year 2015-2016,1956
Fiscal Year 2015-2016,1957
Fiscal Year 2015-2016,1958
Fiscal Year 2015-2016,1959
Fiscal Year 2015-2016,1960
Fiscal Year 2015-2016,1961
Fiscal Year 2015-2016,1962
Fiscal Year 2015-2016,1963
Fiscal Year 2015-2016,1964
Fiscal Year 2015-2016,1965
Fiscal Year 2015-2016,1966
Fiscal Year 2015-2016,1967
Fiscal Year 2015-2016,1968
Fiscal Year 2015-2016,1969
Fiscal Year 2015-2016,1970
Fiscal Year 2015-2016,1971
Fiscal Year 2015-2016,1972
Fiscal Year 2015-2016,1973
Fiscal Year 2015-2016,1974
Fiscal Year 2015-2016,1975
Fiscal Year 2015-2016,1976
Fiscal Year 2015-2016,1977
Fiscal Year 2015-2016,1978
Fiscal Year 2015-2016,1979
Fiscal Year 2015-2016,1980
Fiscal Year 2015-2016,1981
Fiscal Year 2015-2016,1982
Fiscal Year 2015-2016,1983
Fiscal Year 2015-2016,1984
Fiscal Year 2015-2016,1985
Fiscal Year 2015-2016,1986
Fiscal Year 2015-2016,1987
Fiscal Year 2015-2016,1988
Fiscal Year 2015-2016,1989
Fiscal Year 2015-2016,1990
Fiscal Year 2015-2016,1991
Fiscal Year 2015-2016,1992
Fiscal Year 2015-2016,1993
Fiscal Year 2015-2016,1994
Fiscal Year 2015-2016,1995
Fiscal Year 2015-2016,1996
Fiscal Year 2015-2016,1997
Fiscal Year 2015-2016,1998
Fiscal Year 2015-2016,1999
Fiscal Year 2015-2016,2000
Fiscal Year 2015-2016,2001
Fiscal Year 2015-2016,2002
Fiscal Year 2015-2016,2003
Fiscal Year 2015-2016,2004
Fiscal Year 2015-2016,2005
Fiscal Year 2015-2016,2006
Fiscal Year 2015-2016,2007
Fiscal Year 2015-2016,2008
Fiscal Year 2015-2016,2009
Fiscal Year 2015-2016,2010
Fiscal Year 2015-2016,2011
Fiscal Year 2015-2016,2012
Fiscal Year 2015-2016,2013
Fiscal Year 2015-2016,2014
Fiscal Year 2015-2016,2015
Fiscal Year 2015-2016,2016
Fiscal Year 2015-2016,2017
Fiscal Year 2015-2016,2018
Fiscal Year 2015-2016,2019
Fiscal Year 2015-2016,2020
Fiscal Year 2015-2016,2021
Fiscal Year 2015-2016,2022
Fiscal Year 2015-2016,2023
Fiscal Year 2015-2016,2024
Fiscal Year 2015-2016,2025
Fiscal Year 2015-2016,2026
Fiscal Year 2015-2016,2027
Fiscal Year 2015-2016,2028
Fiscal Year 2015-2016,2029
Fiscal Year 2015-2016,2030
Fiscal Year 2015-2016,2031
Fiscal Year 2015-2016,2032
Fiscal Year 2015-2016,2033
Fiscal Year 2015-2016,2034
Fiscal Year 2015-2016,2035
Fiscal Year 2015-2016,2036
Fiscal Year 2015-2016,2037
Fiscal Year 2015-2016,2038
Fiscal Year 2015-2016,2039
Fiscal Year 2015-2016,2040
Fiscal Year 2015-2016,2041
Fiscal Year 2015-2016,2042
Fiscal Year 2015-2016,2043
Fiscal Year 2015-2016,2044
Fiscal Year 2015-2016,2045
Fiscal Year 2015-2016,2046
Fiscal Year 2015-2016,2047
Fiscal Year 2015-2016,2048
Fiscal Year 2015-2016,2049
Fiscal Year 2015-2016,2050
Fiscal Year 2015-2016,2051
Fiscal Year 2015-2016,2052
Fiscal Year 2015-2016,2053
Fiscal Year 2015-2016,2054
Fiscal Year 2015-2016,2055
Fiscal Year 2015-2016,2056
Fiscal Year 2015-2016,2057
Fiscal Year 2015-2016,2058
Fiscal Year 2015-2016,2059
Fiscal Year 2015-2016,2060
Fiscal Year 2015-2016,2061
Fiscal Year 2015-2016,2062
Fiscal Year 2015-2016,2063
Fiscal Year 2015-2016,2064
Fiscal Year 2015-2016,2065
Fiscal Year 2015-2016,2066
Fiscal Year 2015-2016,2067
Fiscal Year 2015-2016,2068
Fiscal Year 2015-2016,2069
Fiscal Year 2015-2016,2070
Fiscal Year 2015-2016,2071
Fiscal Year 2015-2016,2072
Fiscal Year 2015-2016,2073
Fiscal Year 2015-2016,2074
Fiscal Year 2015-2016,2075
Fiscal Year 2015-2016,2076
Fiscal Year 2015-2016,2077
Fiscal Year 2015-2016,2078
Fiscal Year 2015-2016,2079
Fiscal Year 2015-2016,2080
Fiscal Year 2015-2016,2081
Fiscal Year 2015-2016,2082
Fiscal Year 2015-2016,2083
Fiscal Year 2015-2016,2084
Fiscal Year 2015-2016,2085
Fiscal Year 2015-2016,2086
Fiscal Year 2015-2016,2087
Fiscal Year 2015-2016,2088
Fiscal Year 2015-2016,2089
Fiscal Year 2015-2016,2090
Fiscal Year 2015-2016,2091
Fiscal Year 2015-2016,2092
Fiscal Year 2015-2016,2093
Fiscal Year 2015-2016,2094
Fiscal Year 2015-2016,2095
Fiscal Year 2015-2016,2096
Fiscal Year 2015-2016,2097
Fiscal Year 2015-2016,2098
Fiscal Year 2015-2016,2099
Fiscal Year 2015-2016,2100
Fiscal Year 2015-2016,2101
Fiscal Year 2015-2016,2102
Fiscal Year 2015-2016,2103
Fiscal Year 2015-2016,2104
Fiscal Year 2015-2016,2105
Fiscal Year 2015-2016,2106
Fiscal Year 2015-2016,2107
Fiscal Year 2015-2016,2108
Fiscal Year 2015-2016,2109
Fiscal Year 2015-2016,2110
Fiscal Year 2015-2016,2111
Fiscal Year 2015-2016,2112
Fiscal Year 2015-2016,2113
Fiscal Year 2015-2016,2114
Fiscal Year 2015-2016,2115
Fiscal Year 2015-2016,2116
Fiscal Year 2015-2016,2117
Fiscal Year 2015-2016,2118
Fiscal Year 2015-2016,2119
Fiscal Year 2015-2016,2120
Fiscal Year 2015-2016,2121
Fiscal Year 2015-2016,2122
Fiscal Year 2015-2016,2123
Fiscal Year 2015-2016,2124
Fiscal Year 2015-2016,2125
Fiscal Year 2015-2016,2126
Fiscal Year 2015-2016,2127
Fiscal Year 2015-2016,2128
Fiscal Year 2015-2016,2129
Fiscal Year 2015-2016,2130
Fiscal Year 2015-2016,2131
Fiscal Year 2015-2016,2132
Fiscal Year 2015-2016,2133
Fiscal Year 2015-2016,2134
Fiscal Year 2015-2016,2135
Fiscal Year 2015-2016,2136
Fiscal Year 2015-2016,2137
Fiscal Year 2015-2016,2138
Fiscal Year 2015-2016,2139
Fiscal Year 2015-2016,2140
Fiscal Year 2015-2016,2141
Fiscal Year 2015-2016,2142
Fiscal Year 2015-2016,2143
Fiscal Year 2015-2016,2144
Fiscal Year 2015-2016,2145
Fiscal Year 2015-2016,2146
Fiscal Year 2015-2016,2147
Fiscal Year 2015-2016,2148
Fiscal Year 2015-2016,2149
Fiscal Year 2015-2016,2150
Fiscal Year 2015-2016,2151
Fiscal Year 2015-2016,2152
Fiscal Year 2015-2016,2153
Fiscal Year 2015-2016,2154
Fiscal Year 2015-2016,2155
Fiscal Year 2015-2016,2156
Fiscal Year 2015-2016,2157
Fiscal Year 2015-2016,2158
Fiscal Year 2015-2016,2159
Fiscal Year 2015-2016,2160
Fiscal Year 2015-2016,2161
Fiscal Year 2015-2016,2162
Fiscal Year 2015-2016,2163
Fiscal Year 2015-2016,2164
Fiscal Year 2015-2016,2165
Fiscal Year 2015-2016,2166
Fiscal Year 2015-2016,2167
Fiscal Year 2015-2016,2168
Fiscal Year 2015-2016,2169
Fiscal Year 2015-2016,2170
Fiscal Year 2015-2016,2171
Fiscal Year 2015-2016,2172
Fiscal Year 2015-2016,2173
Fiscal Year 2015-2016,2174
Fiscal Year 2015-2016,2175
Fiscal Year 2015-2016,2176
Fiscal Year 2015-2016,2177
Fiscal Year 2015-2016,2178
Fiscal Year 2015-2016,2179
Fiscal Year 2015-2016,2180
Fiscal Year 2015-2016,2181
Fiscal Year 2015-2016,2182
Fiscal Year 2015-2016,2183
Fiscal Year 2015-2016,2184
Fiscal Year 2015-2016,2185
Fiscal Year 2015-2016,2186
Fiscal Year 2015-2016,2187
Fiscal Year 2015-2016,2188
Fiscal Year 2015-2016,2189
Fiscal Year 2015-2016,2190
Fiscal Year 2015-2016,2191
Fiscal Year 2015-2016,2192
Fiscal Year 2015-2016,2193
Fiscal Year 2015-2016,2194
Fiscal Year 2015-2016,2195
Fiscal Year 2015-2016,2196
Fiscal Year 2015-2016,2197
Fiscal Year 2015-2016,2198
Fiscal Year 2015-2016,2199
Fiscal Year 2015-2016,2200
Fiscal Year 2015-2016,2201
Fiscal Year 2015-2016,2202
Fiscal Year 2015-2016,2203
Fiscal Year 2015-2016,2204
Fiscal Year 2015-2016,2205
Fiscal Year 2015-2016,2206
Fiscal Year 2015-2016,2207
Fiscal Year 2015-2016,2208
Fiscal Year 2015-2016,2209
Fiscal Year 2015-2016,2210
Fiscal Year 2015-2016,2211
Fiscal Year 2015-2016,2212
Fiscal Year 2015-2016,2213
Fiscal Year 2015-2016,2214
Fiscal Year 2015-2016,2215
Fiscal Year 2015-2016,2216
Fiscal Year 2015-2016,2217
Fiscal Year 2015-2016,2218
Fiscal Year 2015-2016,2219
Fiscal Year 2015-2016,2220
Fiscal Year 2015-2016,2221
Fiscal Year 2015-2016,2222
Fiscal Year 2015-2016,2223
Fiscal Year 2015-2016,2224
Fiscal Year 2015-2016,2225
Fiscal Year 2015-2016,2226
Fiscal Year 2015-2016,2227
Fiscal Year 2015-2016,2228
Fiscal Year 2015-2016,2229
Fiscal Year 2015-2016,2230
Fiscal Year 2015-2016,2231
Fiscal Year 2015-2016,2232
Fiscal Year 2015-2016,2233
Fiscal Year 2015-2016,2234
Fiscal Year 2015-2016,2235
Fiscal Year 2015-2016,2236
Fiscal Year 2015-2016,2237
Fiscal Year 2015-2016,2238
Fiscal Year 2015-2016,2239
Fiscal Year 2015-2016,2240
Fiscal Year 2015-2016,2241
Fiscal Year 2015-2016,2242
Fiscal Year 2015-2016,2243
Fiscal Year 2015-2016,2244
Fiscal Year 2015-2016,2245
Fiscal Year 2015-2016,2246
Fiscal Year 2015-2016,2247
Fiscal Year 2015-2016,2248
Fiscal Year 2015-2016,2249
Fiscal Year 2015-2016,2250
Fiscal Year 2015-2016,2251
Fiscal Year 2015-2016,2252
Fiscal Year 2015-2016,2253
Fiscal Year 2015-2016,2254
Fiscal Year 2015-2016,2255
Fiscal Year 2015-2016,2256
Fiscal Year 2015-2016,2257
Fiscal Year 2015-2016,2258
Fiscal Year 2015-2016,2259
Fiscal Year 2015-2016,2260
Fiscal Year 2015-2016,2261
Fiscal Year 2015-2016,2262
Fiscal Year 2015-2016,2263
Fiscal Year 2015-2016,2264
Fiscal Year 2015-2016,2265
Fiscal Year 2015-2016,2266
Fiscal Year 2015-2016,2267
Fiscal Year 2015-2016,2268
Fiscal Year 2015-2016,2269
Fiscal Year 2015-2016,2270
Fiscal Year 2015-2016,2271
Fiscal Year 2015-2016,2272
Fiscal Year 2015-2016,2273
Fiscal Year 2015-2016,2274
Fiscal Year 2015-2016,2275
Fiscal Year 2015-2016,2276
Fiscal Year 2015-2016,2277
Fiscal Year 2015-2016,2278
Fiscal Year 2015-2016,2279
Fiscal Year 2015-2016,2280
Fiscal Year 2015-2016,2281
Fiscal Year 2015-2016,2282
Fiscal Year 2015-2016,2283
Fiscal Year 2015-2016,2284
Fiscal Year 2015-2016,2285
Fiscal Year 2015-2016,2286
Fiscal Year 2015-2016,2287
Fiscal Year 2015-2016,2288
Fiscal Year 2015-2016,2289
Fiscal Year 2015-2016,2290
Fiscal Year 2015-2016,2291
Fiscal Year 2015-2016,2292
Fiscal Year 2015-2016,2293
Fiscal Year 2015-2016,2294
Fiscal Year 2015-2016,2295
Fiscal Year 2015-2016,2296
Fiscal Year 2015-2016,2297
Fiscal Year 2015-2016,2298
Fiscal Year 2015-2016,2299
Fiscal Year 2015-2016,2300
Fiscal Year 2015-2016,2301
Fiscal Year 2015-2016,2302
Fiscal Year 2015-2016,2303
Fiscal Year 2015-2016,2304
Fiscal Year 2015-2016,2305
Fiscal Year 2015-2016,2306
Fiscal Year 2015-2016,2307
Fiscal Year 2015-2016,2308
Fiscal Year 2015-2016,2309
Fiscal Year 2015-2016,2310
Fiscal Year 2015-2016,2311
Fiscal Year 2015-2016,2312
Fiscal Year 2015-2016,2313
Fiscal Year 2015-2016,2314
Fiscal Year 2015-2016,2315
Fiscal Year 2015-2016,2316
Fiscal Year 2015-2016,2317
Fiscal Year 2015-2016,2318
Fiscal Year 2015-2016,2319
