Sales Rep,Sales Rep Name
108,Brad Taylor
162,Peggie Hurt
136,Jose Bowen
139,Judy Rowlett
141,Judy Thurman
175,Sharon Carver
105,Amelia Fields
110,Brenda Kegler
120,Dennis Fisher
131,Jimmie Holley
144,Kathy Clinton
183,Teresa Lynch
112,Cart Lynch
185,William Fisher
152,Edward Smith
161,Patricia Taylor
149,Lee Chin
181,Stewart Wind
173,Scott Powell
179,Stephanie Reagan
154,Max Blagburn
155,Michael Stephens
151,Marian White
107,Angelen Carter
182,Ted Moy
127,Edward Laychak
153,Martha Richard
124,Don Simmons
145,Ken Roberts
121,Dennis Johnson
134,John Greg
117,David Howard
176,Sheila Hein
113,Cary Frank
147,Kim Williams
103,Amalia Craig
114,Cheryle Sincock
167,Ronald Milam
180,TAGnology
157,Micheal Williams
129,Edward Smith
132,John Davis
150,Lisa Taylor
118,David Laychak
143,Karl Anderson
158,Bima Malek
119,Deborah Halmon
168,Ruth Sakas
109,Brenda Gibson
159,Molly McKenzie
170,Sandra Barone
130,Janice Scott
111,Carolyn Halmon
115,Craig Amundson
125,Donna Brown
142,Karen Clinton
116,Craig Lary
104,Amanda Honda
172,Sandra Howard
184,Viginia Mountain
166,Ronald Golinski
160,Odessa Morris
163,Robert Kim
169,Samantha Allen
